{"metrics/precision":0.9777926395891223,"best/mAP_0.5":0.8693192172157135,"train/cls_loss":0.0037994971498847008,"Labels":{"height":2000,"format":"jpg","count":2,"filenames":["media/images/Labels_0_5f0fef54d9e41344e011.jpg","media/images/Labels_0_7e57c00ae4e4767e20f8.jpg"],"captions":["labels_correlogram.jpg","labels.jpg"],"_type":"images/separated","width":2000},"x/lr2":0.0002980000000000002,"metrics/mAP_0.5:0.95":0.6793452592792841,"_timestamp":1.7300171455806756e+09,"best/recall":0.8834222951123593,"x/lr1":0.0002980000000000002,"Results":{"height":1200,"format":"png","count":6,"filenames":["media/images/Results_100_16f14ad573dbd9961339.png","media/images/Results_100_8847e95ec34d3da6bd02.png","media/images/Results_100_7484f7339b49e86dcb4d.png","media/images/Results_100_75ee61a1d8d507ca2e8c.png","media/images/Results_100_0206789b75a0f1d857ce.png","media/images/Results_100_491978150d83e2dfae07.png"],"captions":["results.png","confusion_matrix.png","F1_curve.png","PR_curve.png","P_curve.png","R_curve.png"],"_type":"images/separated","width":2400},"best/precision":0.9778035859574677,"_runtime":3032.302057974,"metrics/recall":0.8834347026671208,"val/cls_loss":0.002388177439570427,"x/lr0":0.0002980000000000002,"val/box_loss":0.018471116200089455,"Validation":{"width":1792,"height":1792,"format":"jpg","count":6,"filenames":["media/images/Validation_100_9559301c81f64a6df375.jpg","media/images/Validation_100_55ebae6bc907f86de15a.jpg","media/images/Validation_100_e3e31ec7c670b76bb5d6.jpg","media/images/Validation_100_9c6d31d05c3ad82c9c81.jpg","media/images/Validation_100_005636b43315b38bf312.jpg","media/images/Validation_100_b272cfeb1a3d19157549.jpg"],"captions":["val_batch0_labels.jpg","val_batch0_pred.jpg","val_batch1_labels.jpg","val_batch1_pred.jpg","val_batch2_labels.jpg","val_batch2_pred.jpg"],"_type":"images/separated"},"_step":100,"best/mAP_0.5:0.95":0.6794615019929637,"_wandb":{"runtime":3032},"Mosaics":{"count":3,"filenames":["media/images/Mosaics_0_e55c448ea75c0802949f.jpg","media/images/Mosaics_0_ab9aba89899e3404d5e2.jpg","media/images/Mosaics_0_71b5ad1551ec421ec51c.jpg"],"captions":["train_batch0.jpg","train_batch1.jpg","train_batch2.jpg"],"_type":"images/separated","width":1664,"height":1664,"format":"jpg"},"train/box_loss":0.026994340121746063,"train/obj_loss":0.040800634771585464,"best/epoch":98,"metrics/mAP_0.5":0.8693510247110549,"val/obj_loss":0.024113476276397705}